name,date,items
Makeda Magana  ,09/11/2020,name
Jillian Gourd  ,09/11/2020,name
Karren Filip  ,09/11/2020,name
Eloy Kratz  ,09/11/2020,name
Silva Cimino  ,09/11/2020,name
Beulah Amante  ,10/11/2020,name
Claudette Levron  ,10/11/2020,name
Hortensia Kerry  ,10/11/2020,name
Marlana Goertz  ,12/11/2020,name
Jillian Gourd  ,12/11/2020,name
Adelia Amundsen  ,12/11/2020,name
Porsha Dominy  ,13/11/2020,name
Kaila Arambula  ,13/11/2020,name
Gayla Groseclose  ,16/11/2020,name
Loida Gagnon  ,16/11/2020,name
Jillian Gourd  ,17/11/2020,name
Roosevelt Douse  ,17/11/2020,name
Bella Phelps  ,17/11/2020,name
Matilde Velasques  ,19/11/2020,name
Kenda Kong  ,19/11/2020,name
Natacha Mothershed  ,20/11/2020,name
Maryanna Pettiway  ,20/11/2020,name
